,Year,Indicator Name,Value
1,2015,Energy intensity level of primary energy (MJ/$2011 PPP GDP),3.51107011031528
2,2014,Energy intensity level of primary energy (MJ/$2011 PPP GDP),3.71434452337684
3,2013,Energy intensity level of primary energy (MJ/$2011 PPP GDP),3.56725879529674
4,2012,Energy intensity level of primary energy (MJ/$2011 PPP GDP),3.79971890055693
5,2011,Energy intensity level of primary energy (MJ/$2011 PPP GDP),3.77736476114315
6,2010,Energy intensity level of primary energy (MJ/$2011 PPP GDP),3.66470829263456
7,2009,Energy intensity level of primary energy (MJ/$2011 PPP GDP),3.92791780698081
8,2008,Energy intensity level of primary energy (MJ/$2011 PPP GDP),4.01876297704385
9,2007,Energy intensity level of primary energy (MJ/$2011 PPP GDP),4.14541380253581
10,2006,Energy intensity level of primary energy (MJ/$2011 PPP GDP),4.14438007053593
11,2005,Energy intensity level of primary energy (MJ/$2011 PPP GDP),4.19067621059497
12,2004,Energy intensity level of primary energy (MJ/$2011 PPP GDP),3.75747882802877
13,2003,Energy intensity level of primary energy (MJ/$2011 PPP GDP),3.61839296909718
14,2002,Energy intensity level of primary energy (MJ/$2011 PPP GDP),3.59683614171353
15,2001,Energy intensity level of primary energy (MJ/$2011 PPP GDP),3.56946868761039
16,2000,Energy intensity level of primary energy (MJ/$2011 PPP GDP),3.29080304639663
17,1999,Energy intensity level of primary energy (MJ/$2011 PPP GDP),3.63399638445652
18,1998,Energy intensity level of primary energy (MJ/$2011 PPP GDP),3.77164630474912
19,1997,Energy intensity level of primary energy (MJ/$2011 PPP GDP),3.66201640069371
20,1996,Energy intensity level of primary energy (MJ/$2011 PPP GDP),3.70922123545861
21,1995,Energy intensity level of primary energy (MJ/$2011 PPP GDP),3.66903321021947
22,1994,Energy intensity level of primary energy (MJ/$2011 PPP GDP),3.61031132076973
23,1993,Energy intensity level of primary energy (MJ/$2011 PPP GDP),3.90186659790351
24,1992,Energy intensity level of primary energy (MJ/$2011 PPP GDP),3.87197030647725
25,1991,Energy intensity level of primary energy (MJ/$2011 PPP GDP),3.94061207581635
26,1990,Energy intensity level of primary energy (MJ/$2011 PPP GDP),3.98089540956278
27,2019,"Access to electricity, rural (% of rural population)",100
28,2018,"Access to electricity, rural (% of rural population)",100
29,2017,"Access to electricity, rural (% of rural population)",100
30,2016,"Access to electricity, rural (% of rural population)",100
31,2015,"Access to electricity, rural (% of rural population)",99.4495586839221
32,2014,"Access to electricity, rural (% of rural population)",99.7250555432637
33,2013,"Access to electricity, rural (% of rural population)",99.7920275588865
34,2012,"Access to electricity, rural (% of rural population)",99.8258394002141
35,2011,"Access to electricity, rural (% of rural population)",99.3133313321086
36,2010,"Access to electricity, rural (% of rural population)",99.2744378402423
37,2009,"Access to electricity, rural (% of rural population)",98.348327516904
38,2008,"Access to electricity, rural (% of rural population)",99.7243827048053
39,2007,"Access to electricity, rural (% of rural population)",97.8180883192907
40,2006,"Access to electricity, rural (% of rural population)",98.7985803812297
41,2005,"Access to electricity, rural (% of rural population)",99.0979130470796
42,2004,"Access to electricity, rural (% of rural population)",96.5859923186951
43,2003,"Access to electricity, rural (% of rural population)",98.1228511250676
44,2002,"Access to electricity, rural (% of rural population)",96.2504471852732
45,2001,"Access to electricity, rural (% of rural population)",95.8584523643308
46,2000,"Access to electricity, rural (% of rural population)",96.353311902117
47,1999,"Access to electricity, rural (% of rural population)",95.0432943655748
48,1998,"Access to electricity, rural (% of rural population)",94.6345349208017
49,1997,"Access to electricity, rural (% of rural population)",94.2331649749959
50,1996,"Access to electricity, rural (% of rural population)",93.832819784783
51,1995,"Access to electricity, rural (% of rural population)",92.8796209406177
52,1994,"Access to electricity, rural (% of rural population)",93.02430012564
53,1993,"Access to electricity, rural (% of rural population)",92.6236206211839
54,1992,"Access to electricity, rural (% of rural population)",89.5953228671999
55,2019,"Access to electricity, urban (% of urban population)",100
56,2018,"Access to electricity, urban (% of urban population)",100
57,2017,"Access to electricity, urban (% of urban population)",99.9991912841797
58,2016,"Access to electricity, urban (% of urban population)",99.9920959472656
59,2015,"Access to electricity, urban (% of urban population)",99.1
60,2014,"Access to electricity, urban (% of urban population)",99.9
61,2013,"Access to electricity, urban (% of urban population)",99.8602828979492
62,2012,"Access to electricity, urban (% of urban population)",99.532821655
63,2011,"Access to electricity, urban (% of urban population)",99.7177963256836
64,2010,"Access to electricity, urban (% of urban population)",99.674110413
65,2009,"Access to electricity, urban (% of urban population)",99.5601959228516
66,2008,"Access to electricity, urban (% of urban population)",99.9
67,2007,"Access to electricity, urban (% of urban population)",99.4155807495117
68,2006,"Access to electricity, urban (% of urban population)",99.3590698242188
69,2005,"Access to electricity, urban (% of urban population)",99.8
70,2004,"Access to electricity, urban (% of urban population)",99.804283142
71,2003,"Access to electricity, urban (% of urban population)",99.7
72,2002,"Access to electricity, urban (% of urban population)",99.3109283447266
73,2001,"Access to electricity, urban (% of urban population)",99.3286209106445
74,2000,"Access to electricity, urban (% of urban population)",99.5
75,1999,"Access to electricity, urban (% of urban population)",99.3530960083008
76,1998,"Access to electricity, urban (% of urban population)",99.3460083007813
77,1997,"Access to electricity, urban (% of urban population)",99.3184967041016
78,1996,"Access to electricity, urban (% of urban population)",99.2720260620117
79,1995,"Access to electricity, urban (% of urban population)",99
80,1994,"Access to electricity, urban (% of urban population)",99.1348495483398
81,1993,"Access to electricity, urban (% of urban population)",99.0504684448242
82,1992,"Access to electricity, urban (% of urban population)",98.4
83,2019,Access to electricity (% of population),100
84,2018,Access to electricity (% of population),100
85,2017,Access to electricity (% of population),100
86,2016,Access to electricity (% of population),100
87,2015,Access to electricity (% of population),99.3
88,2014,Access to electricity (% of population),99.8
89,2013,Access to electricity (% of population),99.8213043212891
90,2012,Access to electricity (% of population),99.7
91,2011,Access to electricity (% of population),99.4872512817383
92,2010,Access to electricity (% of population),99.4463729858398
93,2009,Access to electricity (% of population),98.8699035644531
94,2008,Access to electricity (% of population),99.8
95,2007,Access to electricity (% of population),98.5062561035156
96,2006,Access to electricity (% of population),99.04
97,2005,Access to electricity (% of population),99.4
98,2004,Access to electricity (% of population),97.9692459106445
99,2003,Access to electricity (% of population),98.8
100,2002,Access to electricity (% of population),97.5630569458008
101,2001,Access to electricity (% of population),97.3451766967773
102,2000,Access to electricity (% of population),97.7
103,1999,Access to electricity (% of population),96.8857345581055
104,1998,Access to electricity (% of population),96.6465225219727
105,1997,Access to electricity (% of population),96.4024658203125
106,1996,Access to electricity (% of population),96.1543273925781
107,1995,Access to electricity (% of population),95.5
108,1994,Access to electricity (% of population),95.6485366821289
109,1993,Access to electricity (% of population),95.3922424316406
110,1992,Access to electricity (% of population),93.4
111,2018,Renewable energy consumption (% of total final energy consumption),4.74440002441406
112,2017,Renewable energy consumption (% of total final energy consumption),4.85400009155273
113,2016,Renewable energy consumption (% of total final energy consumption),4.91690015792847
114,2015,Renewable energy consumption (% of total final energy consumption),5.11600017547607
115,2014,Renewable energy consumption (% of total final energy consumption),5.33799982070923
116,2013,Renewable energy consumption (% of total final energy consumption),5.28299999237061
117,2012,Renewable energy consumption (% of total final energy consumption),5.28980016708374
118,2011,Renewable energy consumption (% of total final energy consumption),5.29979991912842
119,2010,Renewable energy consumption (% of total final energy consumption),5.32999992370605
120,2009,Renewable energy consumption (% of total final energy consumption),5.67220020294189
121,2008,Renewable energy consumption (% of total final energy consumption),5.94180011749268
122,2007,Renewable energy consumption (% of total final energy consumption),5.83610010147095
123,2006,Renewable energy consumption (% of total final energy consumption),5.98339986801147
124,2005,Renewable energy consumption (% of total final energy consumption),6.18889999389648
125,2004,Renewable energy consumption (% of total final energy consumption),7.2140998840332
126,2003,Renewable energy consumption (% of total final energy consumption),7.02710008621216
127,2002,Renewable energy consumption (% of total final energy consumption),6.87060022354126
128,2001,Renewable energy consumption (% of total final energy consumption),7.4488000869751
129,2000,Renewable energy consumption (% of total final energy consumption),7.8206000328064
130,1999,Renewable energy consumption (% of total final energy consumption),8.55974210179817
131,1998,Renewable energy consumption (% of total final energy consumption),8.24850218282009
132,1997,Renewable energy consumption (% of total final energy consumption),8.34474039980954
133,1996,Renewable energy consumption (% of total final energy consumption),8.67807588105338
134,1995,Renewable energy consumption (% of total final energy consumption),9.00303478997945
135,1994,Renewable energy consumption (% of total final energy consumption),9.82896842016561
136,1993,Renewable energy consumption (% of total final energy consumption),8.83928269097144
137,1992,Renewable energy consumption (% of total final energy consumption),8.71505834230031
138,1991,Renewable energy consumption (% of total final energy consumption),9.05203473343903
139,1990,Renewable energy consumption (% of total final energy consumption),8.50246617963276
140,2016,CO2 emissions from gaseous fuel consumption (% of total),40.5633270644555
141,2015,CO2 emissions from gaseous fuel consumption (% of total),37.2737282584643
142,2014,CO2 emissions from gaseous fuel consumption (% of total),37.7414105700438
143,2013,CO2 emissions from gaseous fuel consumption (% of total),42.9939761440859
144,2012,CO2 emissions from gaseous fuel consumption (% of total),43.7809519325832
145,2011,CO2 emissions from gaseous fuel consumption (% of total),46.0080179554586
146,2010,CO2 emissions from gaseous fuel consumption (% of total),41.7384844783715
147,2009,CO2 emissions from gaseous fuel consumption (% of total),41.8715913857486
148,2008,CO2 emissions from gaseous fuel consumption (% of total),44.0885395516074
149,2007,CO2 emissions from gaseous fuel consumption (% of total),44.556172968227
150,2006,CO2 emissions from gaseous fuel consumption (% of total),43.6904848341512
151,2005,CO2 emissions from gaseous fuel consumption (% of total),42.766824210723
152,2004,CO2 emissions from gaseous fuel consumption (% of total),40.4169241011984
153,2003,CO2 emissions from gaseous fuel consumption (% of total),44.3929411764706
154,2002,CO2 emissions from gaseous fuel consumption (% of total),41.5013457022076
155,2001,CO2 emissions from gaseous fuel consumption (% of total),34.713445324374
156,2000,CO2 emissions from gaseous fuel consumption (% of total),36.1078956228956
157,1999,CO2 emissions from gaseous fuel consumption (% of total),27.6008345687625
158,1998,CO2 emissions from gaseous fuel consumption (% of total),24.0819913974558
159,1997,CO2 emissions from gaseous fuel consumption (% of total),24.1268564832628
160,1996,CO2 emissions from gaseous fuel consumption (% of total),28.6554242017154
161,1995,CO2 emissions from gaseous fuel consumption (% of total),28.3357276586481
162,1994,CO2 emissions from gaseous fuel consumption (% of total),23.3435543214162
163,1993,CO2 emissions from gaseous fuel consumption (% of total),20.1738908853316
164,1992,CO2 emissions from gaseous fuel consumption (% of total),17.4768504875406
165,1991,CO2 emissions from gaseous fuel consumption (% of total),16.6879471976731
166,1990,CO2 emissions from gaseous fuel consumption (% of total),15.0025155494126
167,1989,CO2 emissions from gaseous fuel consumption (% of total),17.0697012802276
168,1988,CO2 emissions from gaseous fuel consumption (% of total),15.4735547355474
169,1987,CO2 emissions from gaseous fuel consumption (% of total),13.357188373119
170,1986,CO2 emissions from gaseous fuel consumption (% of total),10.7947280417036
171,1985,CO2 emissions from gaseous fuel consumption (% of total),10.7708189951824
172,1984,CO2 emissions from gaseous fuel consumption (% of total),8.38646677006146
173,1983,CO2 emissions from gaseous fuel consumption (% of total),7.36078103924465
174,1982,CO2 emissions from gaseous fuel consumption (% of total),7.22719605553393
175,1981,CO2 emissions from gaseous fuel consumption (% of total),7.18601640051791
176,1980,CO2 emissions from gaseous fuel consumption (% of total),6.80878657696361
177,1979,CO2 emissions from gaseous fuel consumption (% of total),12.8842213114754
178,1978,CO2 emissions from gaseous fuel consumption (% of total),7.83509001026024
179,1977,CO2 emissions from gaseous fuel consumption (% of total),5.53941506875847
180,1976,CO2 emissions from gaseous fuel consumption (% of total),2.11544594450941
181,1975,CO2 emissions from gaseous fuel consumption (% of total),0.282985496993279
182,1974,CO2 emissions from gaseous fuel consumption (% of total),0.308815272318922
183,1973,CO2 emissions from gaseous fuel consumption (% of total),0.708891971027893
184,1972,CO2 emissions from gaseous fuel consumption (% of total),0.531838436107518
185,1971,CO2 emissions from gaseous fuel consumption (% of total),0.700079554494829
186,1970,CO2 emissions from gaseous fuel consumption (% of total),0.760906323977004
187,1969,CO2 emissions from gaseous fuel consumption (% of total),0.688884751442934
188,1968,CO2 emissions from gaseous fuel consumption (% of total),0.464297150176113
189,1967,CO2 emissions from gaseous fuel consumption (% of total),0.540439806187104
190,1966,CO2 emissions from gaseous fuel consumption (% of total),0.400331308669243
191,1965,CO2 emissions from gaseous fuel consumption (% of total),0.344919076678164
192,1964,CO2 emissions from gaseous fuel consumption (% of total),0.387931034482759
193,1963,CO2 emissions from gaseous fuel consumption (% of total),0
194,1962,CO2 emissions from gaseous fuel consumption (% of total),0
195,1961,CO2 emissions from gaseous fuel consumption (% of total),0
196,1960,CO2 emissions from gaseous fuel consumption (% of total),0
197,2016,CO2 emissions from liquid fuel consumption (kt),114876.109
198,2015,CO2 emissions from liquid fuel consumption (kt),112114.858
199,2014,CO2 emissions from liquid fuel consumption (kt),118612.782
200,2013,CO2 emissions from liquid fuel consumption (kt),97292.844
201,2012,CO2 emissions from liquid fuel consumption (kt),97780.555
202,2011,CO2 emissions from liquid fuel consumption (kt),101069.854
203,2010,CO2 emissions from liquid fuel consumption (kt),94333.575
204,2009,CO2 emissions from liquid fuel consumption (kt),98799.981
205,2008,CO2 emissions from liquid fuel consumption (kt),92481.74
206,2007,CO2 emissions from liquid fuel consumption (kt),84832.378
207,2006,CO2 emissions from liquid fuel consumption (kt),83757.947
208,2005,CO2 emissions from liquid fuel consumption (kt),79276.873
209,2004,CO2 emissions from liquid fuel consumption (kt),75697.881
210,2003,CO2 emissions from liquid fuel consumption (kt),73354.668
211,2002,CO2 emissions from liquid fuel consumption (kt),57179.531
212,2001,CO2 emissions from liquid fuel consumption (kt),66486.377
213,2000,CO2 emissions from liquid fuel consumption (kt),85389.762
214,1999,CO2 emissions from liquid fuel consumption (kt),79603.236
215,1998,CO2 emissions from liquid fuel consumption (kt),82661.514
216,1997,CO2 emissions from liquid fuel consumption (kt),70439.403
217,1996,CO2 emissions from liquid fuel consumption (kt),53695.881
218,1995,CO2 emissions from liquid fuel consumption (kt),58151.286
219,1994,CO2 emissions from liquid fuel consumption (kt),53134.83
220,1993,CO2 emissions from liquid fuel consumption (kt),62808.376
221,1992,CO2 emissions from liquid fuel consumption (kt),53175.167
222,1991,CO2 emissions from liquid fuel consumption (kt),51884.383
223,1990,CO2 emissions from liquid fuel consumption (kt),52115.404
224,1989,CO2 emissions from liquid fuel consumption (kt),50806.285
225,1988,CO2 emissions from liquid fuel consumption (kt),55533.048
226,1987,CO2 emissions from liquid fuel consumption (kt),57531.563
227,1986,CO2 emissions from liquid fuel consumption (kt),59955.45
228,1985,CO2 emissions from liquid fuel consumption (kt),51906.385
229,1984,CO2 emissions from liquid fuel consumption (kt),52980.816
230,1983,CO2 emissions from liquid fuel consumption (kt),47887.353
231,1982,CO2 emissions from liquid fuel consumption (kt),47043.943
232,1981,CO2 emissions from liquid fuel consumption (kt),42632.542
233,1980,CO2 emissions from liquid fuel consumption (kt),38734.521
234,1979,CO2 emissions from liquid fuel consumption (kt),33135.012
235,1978,CO2 emissions from liquid fuel consumption (kt),31154.832
236,1977,CO2 emissions from liquid fuel consumption (kt),29596.357
237,1976,CO2 emissions from liquid fuel consumption (kt),26893.778
238,1975,CO2 emissions from liquid fuel consumption (kt),23138.77
239,1974,CO2 emissions from liquid fuel consumption (kt),20282.177
240,1973,CO2 emissions from liquid fuel consumption (kt),19442.434
241,1972,CO2 emissions from liquid fuel consumption (kt),21323.605
242,1971,CO2 emissions from liquid fuel consumption (kt),18514.683
243,1970,CO2 emissions from liquid fuel consumption (kt),16604.176
244,1969,CO2 emissions from liquid fuel consumption (kt),15104.373
245,1968,CO2 emissions from liquid fuel consumption (kt),20073.158
246,1967,CO2 emissions from liquid fuel consumption (kt),17088.22
247,1966,CO2 emissions from liquid fuel consumption (kt),24565.233
248,1965,CO2 emissions from liquid fuel consumption (kt),25316.968
249,1964,CO2 emissions from liquid fuel consumption (kt),22951.753
250,1963,CO2 emissions from liquid fuel consumption (kt),19596.448
251,1962,CO2 emissions from liquid fuel consumption (kt),16772.858
252,1961,CO2 emissions from liquid fuel consumption (kt),15276.722
253,1960,CO2 emissions from liquid fuel consumption (kt),14620.329
254,2018,Methane emissions in energy sector (thousand metric tons of CO2 equivalent),13860
255,2017,Methane emissions in energy sector (thousand metric tons of CO2 equivalent),13880
256,2016,Methane emissions in energy sector (thousand metric tons of CO2 equivalent),13910
257,2015,Methane emissions in energy sector (thousand metric tons of CO2 equivalent),13930
258,2014,Methane emissions in energy sector (thousand metric tons of CO2 equivalent),14160
259,2013,Methane emissions in energy sector (thousand metric tons of CO2 equivalent),14390
260,2012,Methane emissions in energy sector (thousand metric tons of CO2 equivalent),14610
261,2011,Methane emissions in energy sector (thousand metric tons of CO2 equivalent),14840
262,2010,Methane emissions in energy sector (thousand metric tons of CO2 equivalent),15070
263,2009,Methane emissions in energy sector (thousand metric tons of CO2 equivalent),14670
264,2008,Methane emissions in energy sector (thousand metric tons of CO2 equivalent),14270
265,2007,Methane emissions in energy sector (thousand metric tons of CO2 equivalent),13870
266,2006,Methane emissions in energy sector (thousand metric tons of CO2 equivalent),13480
267,2005,Methane emissions in energy sector (thousand metric tons of CO2 equivalent),13080
268,2004,Methane emissions in energy sector (thousand metric tons of CO2 equivalent),12960
269,2003,Methane emissions in energy sector (thousand metric tons of CO2 equivalent),12840
270,2002,Methane emissions in energy sector (thousand metric tons of CO2 equivalent),12730
271,2001,Methane emissions in energy sector (thousand metric tons of CO2 equivalent),12610
272,2000,Methane emissions in energy sector (thousand metric tons of CO2 equivalent),12490
273,1999,Methane emissions in energy sector (thousand metric tons of CO2 equivalent),11940
274,1998,Methane emissions in energy sector (thousand metric tons of CO2 equivalent),11390
275,1997,Methane emissions in energy sector (thousand metric tons of CO2 equivalent),10840
276,1996,Methane emissions in energy sector (thousand metric tons of CO2 equivalent),10280
277,1995,Methane emissions in energy sector (thousand metric tons of CO2 equivalent),9730
278,1994,Methane emissions in energy sector (thousand metric tons of CO2 equivalent),9170
279,1993,Methane emissions in energy sector (thousand metric tons of CO2 equivalent),8620
280,1992,Methane emissions in energy sector (thousand metric tons of CO2 equivalent),8060
281,1991,Methane emissions in energy sector (thousand metric tons of CO2 equivalent),7500
282,1990,Methane emissions in energy sector (thousand metric tons of CO2 equivalent),6940
283,1989,Methane emissions in energy sector (thousand metric tons of CO2 equivalent),10214.3440456571
284,1988,Methane emissions in energy sector (thousand metric tons of CO2 equivalent),9653.97241535873
285,1987,Methane emissions in energy sector (thousand metric tons of CO2 equivalent),9495.94087816495
286,1986,Methane emissions in energy sector (thousand metric tons of CO2 equivalent),8970.76948141785
287,1985,Methane emissions in energy sector (thousand metric tons of CO2 equivalent),8838.88358573286
288,1984,Methane emissions in energy sector (thousand metric tons of CO2 equivalent),8345.48283448752
289,1983,Methane emissions in energy sector (thousand metric tons of CO2 equivalent),7781.91257707649
290,1982,Methane emissions in energy sector (thousand metric tons of CO2 equivalent),7458.11697599951
291,1981,Methane emissions in energy sector (thousand metric tons of CO2 equivalent),7280.3627963891
292,1980,Methane emissions in energy sector (thousand metric tons of CO2 equivalent),7021.46699529731
293,1979,Methane emissions in energy sector (thousand metric tons of CO2 equivalent),7113.07103081937
294,1978,Methane emissions in energy sector (thousand metric tons of CO2 equivalent),7278.98589410637
295,1977,Methane emissions in energy sector (thousand metric tons of CO2 equivalent),7199.36675619737
296,1976,Methane emissions in energy sector (thousand metric tons of CO2 equivalent),7468.74469389014
297,1975,Methane emissions in energy sector (thousand metric tons of CO2 equivalent),7022.573195826
298,1974,Methane emissions in energy sector (thousand metric tons of CO2 equivalent),6861.26014972031
299,1973,Methane emissions in energy sector (thousand metric tons of CO2 equivalent),6223.41973790125
300,1972,Methane emissions in energy sector (thousand metric tons of CO2 equivalent),6146.65369889594
301,1971,Methane emissions in energy sector (thousand metric tons of CO2 equivalent),6481.73973474443
302,1970,Methane emissions in energy sector (thousand metric tons of CO2 equivalent),6667.14291824343
303,1969,Methane emissions in energy sector (thousand metric tons of CO2 equivalent),0
304,2008,Energy related methane emissions (% of total),26.0639269406393
305,2007,Energy related methane emissions (% of total),25.828677839851
306,2006,Energy related methane emissions (% of total),25.8485139022052
307,2005,Energy related methane emissions (% of total),25.7988165680473
308,2004,Energy related methane emissions (% of total),25.6633663366337
309,2003,Energy related methane emissions (% of total),25.6954172503502
310,2002,Energy related methane emissions (% of total),25.6394763343404
311,2001,Energy related methane emissions (% of total),26.1292996270203
312,2000,Energy related methane emissions (% of total),25.8111179995867
313,1999,Energy related methane emissions (% of total),25.967812092214
314,1998,Energy related methane emissions (% of total),26.7433669875558
315,1997,Energy related methane emissions (% of total),26.1016132915964
316,1996,Energy related methane emissions (% of total),26.4471314638539
317,1995,Energy related methane emissions (% of total),26.5484311050477
318,1994,Energy related methane emissions (% of total),26.5412445730825
319,1993,Energy related methane emissions (% of total),26.6460587326121
320,1992,Energy related methane emissions (% of total),26.7507467640226
321,1991,Energy related methane emissions (% of total),27.124773960217
322,1990,Energy related methane emissions (% of total),27.7822257806245
323,1989,Energy related methane emissions (% of total),39.2430731264968
324,1988,Energy related methane emissions (% of total),38.9331166962762
325,1987,Energy related methane emissions (% of total),38.6093900693435
326,1986,Energy related methane emissions (% of total),37.7467084134608
327,1985,Energy related methane emissions (% of total),38.1379247834315
328,1984,Energy related methane emissions (% of total),36.5691523830469
329,1983,Energy related methane emissions (% of total),35.2229525560984
330,1982,Energy related methane emissions (% of total),34.2084073754679
331,1981,Energy related methane emissions (% of total),34.4598302483024
332,1980,Energy related methane emissions (% of total),33.7513735443426
333,1979,Energy related methane emissions (% of total),33.6137413323411
334,1978,Energy related methane emissions (% of total),34.027627430212
335,1977,Energy related methane emissions (% of total),33.9821991069324
336,1976,Energy related methane emissions (% of total),34.5895319851344
337,1975,Energy related methane emissions (% of total),33.4518160530174
338,1974,Energy related methane emissions (% of total),33.0158752639116
339,1973,Energy related methane emissions (% of total),31.3731032117139
340,1972,Energy related methane emissions (% of total),30.1250438589671
341,1971,Energy related methane emissions (% of total),31.4302742367327
342,1970,Energy related methane emissions (% of total),32.0881281680436
343,2018,Nitrous oxide emissions in energy sector (thousand metric tons of CO2 equivalent),520
344,2017,Nitrous oxide emissions in energy sector (thousand metric tons of CO2 equivalent),520
345,2016,Nitrous oxide emissions in energy sector (thousand metric tons of CO2 equivalent),510
346,2015,Nitrous oxide emissions in energy sector (thousand metric tons of CO2 equivalent),510
347,2014,Nitrous oxide emissions in energy sector (thousand metric tons of CO2 equivalent),510
348,2013,Nitrous oxide emissions in energy sector (thousand metric tons of CO2 equivalent),510
349,2012,Nitrous oxide emissions in energy sector (thousand metric tons of CO2 equivalent),500
350,2011,Nitrous oxide emissions in energy sector (thousand metric tons of CO2 equivalent),500
351,2010,Nitrous oxide emissions in energy sector (thousand metric tons of CO2 equivalent),500
352,2009,Nitrous oxide emissions in energy sector (thousand metric tons of CO2 equivalent),490
353,2008,Nitrous oxide emissions in energy sector (thousand metric tons of CO2 equivalent),480
354,2007,Nitrous oxide emissions in energy sector (thousand metric tons of CO2 equivalent),470
355,2006,Nitrous oxide emissions in energy sector (thousand metric tons of CO2 equivalent),460
356,2005,Nitrous oxide emissions in energy sector (thousand metric tons of CO2 equivalent),450
357,2004,Nitrous oxide emissions in energy sector (thousand metric tons of CO2 equivalent),440
358,2003,Nitrous oxide emissions in energy sector (thousand metric tons of CO2 equivalent),430
359,2002,Nitrous oxide emissions in energy sector (thousand metric tons of CO2 equivalent),420
360,2001,Nitrous oxide emissions in energy sector (thousand metric tons of CO2 equivalent),410
361,2000,Nitrous oxide emissions in energy sector (thousand metric tons of CO2 equivalent),400
362,1999,Nitrous oxide emissions in energy sector (thousand metric tons of CO2 equivalent),700
363,1998,Nitrous oxide emissions in energy sector (thousand metric tons of CO2 equivalent),1010
364,1997,Nitrous oxide emissions in energy sector (thousand metric tons of CO2 equivalent),1320
365,1996,Nitrous oxide emissions in energy sector (thousand metric tons of CO2 equivalent),1630
366,1995,Nitrous oxide emissions in energy sector (thousand metric tons of CO2 equivalent),1940
367,1994,Nitrous oxide emissions in energy sector (thousand metric tons of CO2 equivalent),2250
368,1993,Nitrous oxide emissions in energy sector (thousand metric tons of CO2 equivalent),2560
369,1992,Nitrous oxide emissions in energy sector (thousand metric tons of CO2 equivalent),2860
370,1991,Nitrous oxide emissions in energy sector (thousand metric tons of CO2 equivalent),3170
371,1990,Nitrous oxide emissions in energy sector (thousand metric tons of CO2 equivalent),3480
372,1989,Nitrous oxide emissions in energy sector (thousand metric tons of CO2 equivalent),486.791822
373,1988,Nitrous oxide emissions in energy sector (thousand metric tons of CO2 equivalent),480.3878358
374,1987,Nitrous oxide emissions in energy sector (thousand metric tons of CO2 equivalent),458.80186
375,1986,Nitrous oxide emissions in energy sector (thousand metric tons of CO2 equivalent),449.581375
376,1985,Nitrous oxide emissions in energy sector (thousand metric tons of CO2 equivalent),440.7700497
377,1984,Nitrous oxide emissions in energy sector (thousand metric tons of CO2 equivalent),428.4611494
378,1983,Nitrous oxide emissions in energy sector (thousand metric tons of CO2 equivalent),409.8249135
379,1982,Nitrous oxide emissions in energy sector (thousand metric tons of CO2 equivalent),392.6817771
380,1981,Nitrous oxide emissions in energy sector (thousand metric tons of CO2 equivalent),383.1069931
381,1980,Nitrous oxide emissions in energy sector (thousand metric tons of CO2 equivalent),364.8640542
382,1979,Nitrous oxide emissions in energy sector (thousand metric tons of CO2 equivalent),354.4972543
383,1978,Nitrous oxide emissions in energy sector (thousand metric tons of CO2 equivalent),343.4453513
384,1977,Nitrous oxide emissions in energy sector (thousand metric tons of CO2 equivalent),343.0371743
385,1976,Nitrous oxide emissions in energy sector (thousand metric tons of CO2 equivalent),340.9129799
386,1975,Nitrous oxide emissions in energy sector (thousand metric tons of CO2 equivalent),328.4496779
387,1974,Nitrous oxide emissions in energy sector (thousand metric tons of CO2 equivalent),327.7632945
388,1973,Nitrous oxide emissions in energy sector (thousand metric tons of CO2 equivalent),313.2110265
389,1972,Nitrous oxide emissions in energy sector (thousand metric tons of CO2 equivalent),312.3595433
390,1971,Nitrous oxide emissions in energy sector (thousand metric tons of CO2 equivalent),302.7937679
391,1970,Nitrous oxide emissions in energy sector (thousand metric tons of CO2 equivalent),301.7901212
392,1969,Nitrous oxide emissions in energy sector (thousand metric tons of CO2 equivalent),0
393,2008,Nitrous oxide emissions in energy sector (% of total),2.12577502214349
394,2007,Nitrous oxide emissions in energy sector (% of total),2.18097447795824
395,2006,Nitrous oxide emissions in energy sector (% of total),2.16267042783263
396,2005,Nitrous oxide emissions in energy sector (% of total),2.16346153846154
397,2004,Nitrous oxide emissions in energy sector (% of total),2.09723546234509
398,2003,Nitrous oxide emissions in energy sector (% of total),2.16952573158426
399,2002,Nitrous oxide emissions in energy sector (% of total),2.16383307573416
400,2001,Nitrous oxide emissions in energy sector (% of total),2.19134152859433
401,2000,Nitrous oxide emissions in energy sector (% of total),2.17155266015201
402,1999,Nitrous oxide emissions in energy sector (% of total),3.95927601809955
403,1998,Nitrous oxide emissions in energy sector (% of total),5.73537762634867
404,1997,Nitrous oxide emissions in energy sector (% of total),7.71028037383178
405,1996,Nitrous oxide emissions in energy sector (% of total),9.30896630496859
406,1995,Nitrous oxide emissions in energy sector (% of total),11.2987769365172
407,1994,Nitrous oxide emissions in energy sector (% of total),14.4323284156511
408,1993,Nitrous oxide emissions in energy sector (% of total),15.4496077248039
409,1992,Nitrous oxide emissions in energy sector (% of total),17.9761156505343
410,1991,Nitrous oxide emissions in energy sector (% of total),19.7384806973848
411,1990,Nitrous oxide emissions in energy sector (% of total),22.4371373307544
412,1989,Nitrous oxide emissions in energy sector (% of total),2.54163151676027
413,1988,Nitrous oxide emissions in energy sector (% of total),2.53764065496241
414,1987,Nitrous oxide emissions in energy sector (% of total),2.48497436121307
415,1986,Nitrous oxide emissions in energy sector (% of total),2.41660070818579
416,1985,Nitrous oxide emissions in energy sector (% of total),2.59366881553313
417,1984,Nitrous oxide emissions in energy sector (% of total),2.53607456297283
418,1983,Nitrous oxide emissions in energy sector (% of total),2.29251568498923
419,1982,Nitrous oxide emissions in energy sector (% of total),2.16712586867038
420,1981,Nitrous oxide emissions in energy sector (% of total),2.31247206779699
421,1980,Nitrous oxide emissions in energy sector (% of total),2.59503522205882
422,1979,Nitrous oxide emissions in energy sector (% of total),3.5347341854319
423,1978,Nitrous oxide emissions in energy sector (% of total),3.48579969102882
424,1977,Nitrous oxide emissions in energy sector (% of total),3.60784032629853
425,1976,Nitrous oxide emissions in energy sector (% of total),3.69945768926715
426,1975,Nitrous oxide emissions in energy sector (% of total),3.63803240017443
427,1974,Nitrous oxide emissions in energy sector (% of total),3.75170215634858
428,1973,Nitrous oxide emissions in energy sector (% of total),3.79731106617758
429,1972,Nitrous oxide emissions in energy sector (% of total),3.71714949219946
430,1971,Nitrous oxide emissions in energy sector (% of total),3.7909525565293
431,1970,Nitrous oxide emissions in energy sector (% of total),3.82564818780922
432,2016,Pump price for diesel fuel (US$ per liter),0.15
433,2014,Pump price for diesel fuel (US$ per liter),0.25
434,2012,Pump price for diesel fuel (US$ per liter),0.18
435,2010,Pump price for diesel fuel (US$ per liter),0.19
436,2008,Pump price for diesel fuel (US$ per liter),0.2
437,2006,Pump price for diesel fuel (US$ per liter),0.12
438,2004,Pump price for diesel fuel (US$ per liter),0.1
439,2002,Pump price for diesel fuel (US$ per liter),0.08
440,2000,Pump price for diesel fuel (US$ per liter),0.1
441,1998,Pump price for diesel fuel (US$ per liter),0.12
442,1995,Pump price for diesel fuel (US$ per liter),0.12
443,1992,Pump price for diesel fuel (US$ per liter),0.09
444,1991,Pump price for diesel fuel (US$ per liter),0.07
445,2016,Pump price for gasoline (US$ per liter),0.4
446,2014,Pump price for gasoline (US$ per liter),0.88
447,2012,Pump price for gasoline (US$ per liter),0.45
448,2010,Pump price for gasoline (US$ per liter),0.48
449,2008,Pump price for gasoline (US$ per liter),0.49
450,2006,Pump price for gasoline (US$ per liter),0.3
451,2004,Pump price for gasoline (US$ per liter),0.28
452,2002,Pump price for gasoline (US$ per liter),0.19
453,2000,Pump price for gasoline (US$ per liter),0.26
454,1998,Pump price for gasoline (US$ per liter),0.29
455,1995,Pump price for gasoline (US$ per liter),0.29
456,1992,Pump price for gasoline (US$ per liter),0.3
457,1991,Pump price for gasoline (US$ per liter),0.29
458,2016,Time to obtain an electrical connection (days),76.9
459,2013,Time to obtain an electrical connection (days),75.7
460,2008,Time to obtain an electrical connection (days),77.2
461,2007,Time to obtain an electrical connection (days),133.9
462,2019,Time required to get electricity (days),53
463,2018,Time required to get electricity (days),53
464,2017,Time required to get electricity (days),53
465,2016,Time required to get electricity (days),53
466,2015,Time required to get electricity (days),53
467,2014,Time required to get electricity (days),53
468,2013,Time required to get electricity (days),53
469,2012,Time required to get electricity (days),53
470,2011,Time required to get electricity (days),53
471,2010,Time required to get electricity (days),53
472,2009,Time required to get electricity (days),53
473,2020,Firms using banks to finance investment (% of firms),10.3
474,2016,Firms using banks to finance investment (% of firms),14.6
475,2013,Firms using banks to finance investment (% of firms),8.9
476,2008,Firms using banks to finance investment (% of firms),5.6
477,2007,Firms using banks to finance investment (% of firms),8.7
478,2020,Value lost due to electrical outages (% of sales for affected firms),0.2
479,2016,Value lost due to electrical outages (% of sales for affected firms),4.3
480,2013,Value lost due to electrical outages (% of sales for affected firms),7.7
481,2019,Investment in energy with private participation (current US$),335000000
482,2017,Investment in energy with private participation (current US$),2400030000
483,2016,Investment in energy with private participation (current US$),106000000
484,2012,Investment in energy with private participation (current US$),276000000
485,2010,Investment in energy with private participation (current US$),314700000
486,2007,Investment in energy with private participation (current US$),469000000
487,2001,Investment in energy with private participation (current US$),678000000
488,1999,Investment in energy with private participation (current US$),414000000
489,1998,Investment in energy with private participation (current US$),220000000
490,2019,Adjusted savings: mineral depletion (current US$),3319075.63483802
491,2018,Adjusted savings: mineral depletion (current US$),264894995.647079
492,2017,Adjusted savings: mineral depletion (current US$),291669378.79544
493,2016,Adjusted savings: mineral depletion (current US$),261492614.38976
494,2015,Adjusted savings: mineral depletion (current US$),130855660.57398
495,2014,Adjusted savings: mineral depletion (current US$),183914729.534093
496,2013,Adjusted savings: mineral depletion (current US$),313197432.237772
497,2012,Adjusted savings: mineral depletion (current US$),912566324.502545
498,2011,Adjusted savings: mineral depletion (current US$),580037515.968819
499,2010,Adjusted savings: mineral depletion (current US$),182356758.138895
500,2009,Adjusted savings: mineral depletion (current US$),836266186.585844
501,2008,Adjusted savings: mineral depletion (current US$),813207382.70003
502,2007,Adjusted savings: mineral depletion (current US$),56407264.7107074
503,2006,Adjusted savings: mineral depletion (current US$),16523737.8462274
504,2005,Adjusted savings: mineral depletion (current US$),4329073.95969634
505,2004,Adjusted savings: mineral depletion (current US$),1056901.76486489
506,2003,Adjusted savings: mineral depletion (current US$),1353628.45214807
507,2002,Adjusted savings: mineral depletion (current US$),1663337.88972087
508,2001,Adjusted savings: mineral depletion (current US$),2750440.32852912
509,2000,Adjusted savings: mineral depletion (current US$),1538932.33691401
510,1999,Adjusted savings: mineral depletion (current US$),3086284.35259372
511,1998,Adjusted savings: mineral depletion (current US$),4589641.21015729
512,1997,Adjusted savings: mineral depletion (current US$),1491378.46528452
513,1996,Adjusted savings: mineral depletion (current US$),3222696.66295501
514,1995,Adjusted savings: mineral depletion (current US$),1472235.37497109
515,1994,Adjusted savings: mineral depletion (current US$),3011392.27988401
516,1993,Adjusted savings: mineral depletion (current US$),1476468.18182343
517,1992,Adjusted savings: mineral depletion (current US$),2306197.84204075
518,1991,Adjusted savings: mineral depletion (current US$),1756618.42971343
519,1990,Adjusted savings: mineral depletion (current US$),2633106.67120982
520,1989,Adjusted savings: mineral depletion (current US$),1960705.85052057
521,1988,Adjusted savings: mineral depletion (current US$),1389329.36804085
522,1987,Adjusted savings: mineral depletion (current US$),1597410.09647799
523,1986,Adjusted savings: mineral depletion (current US$),1712850.17002061
524,1985,Adjusted savings: mineral depletion (current US$),2516281.52758451
525,1984,Adjusted savings: mineral depletion (current US$),1783845.19876128
526,1983,Adjusted savings: mineral depletion (current US$),2650164.08172351
527,1982,Adjusted savings: mineral depletion (current US$),3429975.9050643
528,1981,Adjusted savings: mineral depletion (current US$),3724323.2373154
529,1980,Adjusted savings: mineral depletion (current US$),2813560.24598256
530,1979,Adjusted savings: mineral depletion (current US$),1272036.62284845
531,1978,Adjusted savings: mineral depletion (current US$),1170006.21899513
532,1977,Adjusted savings: mineral depletion (current US$),6756967.65214609
533,1976,Adjusted savings: mineral depletion (current US$),2649109.41314242
534,1975,Adjusted savings: mineral depletion (current US$),7125976.97297611
535,1974,Adjusted savings: mineral depletion (current US$),5422174.29889745
536,1973,Adjusted savings: mineral depletion (current US$),186725.022758691
537,1972,Adjusted savings: mineral depletion (current US$),152878.069209621
538,1971,Adjusted savings: mineral depletion (current US$),184404.21910367
539,1970,Adjusted savings: mineral depletion (current US$),168044.837243553
540,2019,Adjusted savings: mineral depletion (% of GNI),0.00113634673529032
541,2018,Adjusted savings: mineral depletion (% of GNI),0.108816387115584
542,2017,Adjusted savings: mineral depletion (% of GNI),0.126173676289854
543,2016,Adjusted savings: mineral depletion (% of GNI),0.0797306504832028
544,2015,Adjusted savings: mineral depletion (% of GNI),0.0404292266021084
545,2014,Adjusted savings: mineral depletion (% of GNI),0.0616474642544045
546,2013,Adjusted savings: mineral depletion (% of GNI),0.111447055893994
547,2012,Adjusted savings: mineral depletion (% of GNI),0.334718444122605
548,2011,Adjusted savings: mineral depletion (% of GNI),0.252256030255205
549,2010,Adjusted savings: mineral depletion (% of GNI),0.0849676674194247
550,2009,Adjusted savings: mineral depletion (% of GNI),0.441765329599867
551,2008,Adjusted savings: mineral depletion (% of GNI),0.495320556164669
552,2007,Adjusted savings: mineral depletion (% of GNI),0.0428577781489248
553,2006,Adjusted savings: mineral depletion (% of GNI),0.0153058512613609
554,2005,Adjusted savings: mineral depletion (% of GNI),0.00484524435491757
555,2004,Adjusted savings: mineral depletion (% of GNI),0.0013450734215666
556,2003,Adjusted savings: mineral depletion (% of GNI),0.00168821046985716
557,2002,Adjusted savings: mineral depletion (% of GNI),0.00195131563883203
558,2001,Adjusted savings: mineral depletion (% of GNI),0.00281357307860549
559,2000,Adjusted savings: mineral depletion (% of GNI),0.00153423756994997
560,1999,Adjusted savings: mineral depletion (% of GNI),0.00338327111138869
561,1998,Adjusted savings: mineral depletion (% of GNI),0.00535642354936457
562,1997,Adjusted savings: mineral depletion (% of GNI),0.00188907197758775
563,1996,Adjusted savings: mineral depletion (% of GNI),0.004734628428034
564,1995,Adjusted savings: mineral depletion (% of GNI),0.0024340163777338
565,1994,Adjusted savings: mineral depletion (% of GNI),0.00577851700807915
566,1993,Adjusted savings: mineral depletion (% of GNI),0.0031547635307549
567,1992,Adjusted savings: mineral depletion (% of GNI),0.00548190386075297
568,1991,Adjusted savings: mineral depletion (% of GNI),0.00466800437488228
569,1990,Adjusted savings: mineral depletion (% of GNI),0.00628819632567203
570,1989,Adjusted savings: mineral depletion (% of GNI),0.00499585280702455
571,1988,Adjusted savings: mineral depletion (% of GNI),0.0039955736945883
572,1987,Adjusted savings: mineral depletion (% of GNI),0.00400014921177936
573,1986,Adjusted savings: mineral depletion (% of GNI),0.00457482432204832
574,1985,Adjusted savings: mineral depletion (% of GNI),0.00703470220270907
575,1984,Adjusted savings: mineral depletion (% of GNI),0.00559055560624357
576,1983,Adjusted savings: mineral depletion (% of GNI),0.00911084723528222
577,1982,Adjusted savings: mineral depletion (% of GNI),0.0132579017306032
578,1981,Adjusted savings: mineral depletion (% of GNI),0.0181930950426067
579,1980,Adjusted savings: mineral depletion (% of GNI),0.0139214960824568
580,1979,Adjusted savings: mineral depletion (% of GNI),0.00750394515444338
581,1978,Adjusted savings: mineral depletion (% of GNI),0.00826933942720877
582,1977,Adjusted savings: mineral depletion (% of GNI),0.0483476487097585
583,1976,Adjusted savings: mineral depletion (% of GNI),0.0204186300522009
584,1975,Adjusted savings: mineral depletion (% of GNI),0.0625733007720585
585,1974,Adjusted savings: mineral depletion (% of GNI),0.0595195112428539
586,1973,Adjusted savings: mineral depletion (% of GNI),0.00187202725512999
587,1972,Adjusted savings: mineral depletion (% of GNI),0.00165611485932881
588,1971,Adjusted savings: mineral depletion (% of GNI),0.00216028964171461
589,1970,Adjusted savings: mineral depletion (% of GNI),0.00210631433866093
590,2019,Adjusted savings: energy depletion (current US$),10836879260.3951
591,2018,Adjusted savings: energy depletion (current US$),12234375042.6252
592,2017,Adjusted savings: energy depletion (current US$),7917096021.0458
593,2016,Adjusted savings: energy depletion (current US$),6149004174.55538
594,2015,Adjusted savings: energy depletion (current US$),8576895336.11871
595,2014,Adjusted savings: energy depletion (current US$),16390581385.2635
596,2013,Adjusted savings: energy depletion (current US$),18943812544.5154
597,2012,Adjusted savings: energy depletion (current US$),19651522775.1782
598,2011,Adjusted savings: energy depletion (current US$),19063501717.7063
599,2010,Adjusted savings: energy depletion (current US$),13510852164.7524
600,2009,Adjusted savings: energy depletion (current US$),10942499653.7136
601,2008,Adjusted savings: energy depletion (current US$),16742126337.419
602,2007,Adjusted savings: energy depletion (current US$),11961323795.8278
603,2006,Adjusted savings: energy depletion (current US$),11212963950.0173
604,2005,Adjusted savings: energy depletion (current US$),9080736565.23633
605,2004,Adjusted savings: energy depletion (current US$),6539121191.03407
606,2003,Adjusted savings: energy depletion (current US$),5294481970.66887
607,2002,Adjusted savings: energy depletion (current US$),4772038709.33956
608,2001,Adjusted savings: energy depletion (current US$),4749500749.59871
609,2000,Adjusted savings: energy depletion (current US$),6128977391.70856
610,1999,Adjusted savings: energy depletion (current US$),3933259586.43215
611,1998,Adjusted savings: energy depletion (current US$),2487293952.18441
612,1997,Adjusted savings: energy depletion (current US$),4130523633.1457
613,1996,Adjusted savings: energy depletion (current US$),4932474078.2088
614,1995,Adjusted savings: energy depletion (current US$),4075395637.90976
615,1994,Adjusted savings: energy depletion (current US$),3095672613.8625
616,1993,Adjusted savings: energy depletion (current US$),3390512902.30741
617,1992,Adjusted savings: energy depletion (current US$),3868642982.33055
618,1991,Adjusted savings: energy depletion (current US$),3656769036.36493
619,1990,Adjusted savings: energy depletion (current US$),5976320018.8922
620,1989,Adjusted savings: energy depletion (current US$),4479548490.2817
621,1988,Adjusted savings: energy depletion (current US$),3123840700.63954
622,1987,Adjusted savings: energy depletion (current US$),4185123555.63811
623,1986,Adjusted savings: energy depletion (current US$),2667002266.0694
624,1985,Adjusted savings: energy depletion (current US$),6098333115.55559
625,1984,Adjusted savings: energy depletion (current US$),5681486756.0364
626,1983,Adjusted savings: energy depletion (current US$),5022209887.6191
627,1982,Adjusted savings: energy depletion (current US$),4556515427.44085
628,1981,Adjusted savings: energy depletion (current US$),4999784346.00805
629,1980,Adjusted savings: energy depletion (current US$),5542209020.59304
630,1979,Adjusted savings: energy depletion (current US$),4069611357.41955
631,1978,Adjusted savings: energy depletion (current US$),1588461299.73668
632,1977,Adjusted savings: energy depletion (current US$),1273247602.79269
633,1976,Adjusted savings: energy depletion (current US$),863511364.78959
634,1975,Adjusted savings: energy depletion (current US$),476333634.351793
635,1974,Adjusted savings: energy depletion (current US$),234127412.885775
636,1973,Adjusted savings: energy depletion (current US$),67425348.5389263
637,1972,Adjusted savings: energy depletion (current US$),79539502.4407873
638,1971,Adjusted savings: energy depletion (current US$),92886825.2115368
639,1970,Adjusted savings: energy depletion (current US$),81802754.6083916
640,2019,Adjusted savings: energy depletion (% of GNI),3.71020540750237
641,2018,Adjusted savings: energy depletion (% of GNI),5.0257668609536
642,2017,Adjusted savings: energy depletion (% of GNI),3.42486796056747
643,2016,Adjusted savings: energy depletion (% of GNI),1.87486787649949
644,2015,Adjusted savings: energy depletion (% of GNI),2.64992162788761
645,2014,Adjusted savings: energy depletion (% of GNI),5.49405576495509
646,2013,Adjusted savings: energy depletion (% of GNI),6.74089860957462
647,2012,Adjusted savings: energy depletion (% of GNI),7.20794418042241
648,2011,Adjusted savings: energy depletion (% of GNI),8.2906417838159
649,2010,Adjusted savings: energy depletion (% of GNI),6.29527309546332
650,2009,Adjusted savings: energy depletion (% of GNI),5.78047641254595
651,2008,Adjusted savings: energy depletion (% of GNI),10.1975455526435
652,2007,Adjusted savings: energy depletion (% of GNI),9.08811594106125
653,2006,Adjusted savings: energy depletion (% of GNI),10.3865093972761
654,2005,Adjusted savings: energy depletion (% of GNI),10.1634640550912
655,2004,Adjusted savings: energy depletion (% of GNI),8.3220583093522
656,2003,Adjusted savings: energy depletion (% of GNI),6.60314126906033
657,2002,Adjusted savings: energy depletion (% of GNI),5.59823341979465
658,2001,Adjusted savings: energy depletion (% of GNI),4.85851930953681
659,2000,Adjusted savings: energy depletion (% of GNI),6.11027993510713
660,1999,Adjusted savings: energy depletion (% of GNI),4.31174901988051
661,1998,Adjusted savings: energy depletion (% of GNI),2.90284126571542
662,1997,Adjusted savings: energy depletion (% of GNI),5.23197607432991
663,1996,Adjusted savings: energy depletion (% of GNI),7.24654984121729
664,1995,Adjusted savings: energy depletion (% of GNI),6.73776754522831
665,1994,Adjusted savings: energy depletion (% of GNI),5.9402413196524
666,1993,Adjusted savings: energy depletion (% of GNI),7.24449506358037
667,1992,Adjusted savings: energy depletion (% of GNI),9.19588446147631
668,1991,Adjusted savings: energy depletion (% of GNI),9.71742842437916
669,1990,Adjusted savings: energy depletion (% of GNI),14.2722184386747
670,1989,Adjusted savings: energy depletion (% of GNI),11.4138308372134
671,1988,Adjusted savings: energy depletion (% of GNI),8.98385654019562
672,1987,Adjusted savings: energy depletion (% of GNI),10.4801633151038
673,1986,Adjusted savings: energy depletion (% of GNI),7.12325400512145
674,1985,Adjusted savings: energy depletion (% of GNI),17.0489497818768
675,1984,Adjusted savings: energy depletion (% of GNI),17.8057309332751
676,1983,Adjusted savings: energy depletion (% of GNI),17.2655675869941
677,1982,Adjusted savings: energy depletion (% of GNI),17.6123201570583
678,1981,Adjusted savings: energy depletion (% of GNI),24.4236458554626
679,1980,Adjusted savings: energy depletion (% of GNI),27.4228502050071
680,1979,Adjusted savings: energy depletion (% of GNI),24.0072808262332
681,1978,Adjusted savings: energy depletion (% of GNI),11.226885328686
682,1977,Adjusted savings: energy depletion (% of GNI),9.11037775958736
683,1976,Adjusted savings: energy depletion (% of GNI),6.6557156967687
684,1975,Adjusted savings: energy depletion (% of GNI),4.18269212532893
685,1974,Adjusted savings: energy depletion (% of GNI),2.57002973629025
686,1973,Adjusted savings: energy depletion (% of GNI),0.675978442989016
687,1972,Adjusted savings: energy depletion (% of GNI),0.861644528720395
688,1971,Adjusted savings: energy depletion (% of GNI),1.08816624332997
689,1970,Adjusted savings: energy depletion (% of GNI),1.02533536763104
690,2019,Adjusted savings: natural resources depletion (% of GNI),3.85992989655083
691,2018,Adjusted savings: natural resources depletion (% of GNI),5.28530163208714
692,2017,Adjusted savings: natural resources depletion (% of GNI),3.85944139041528
693,2016,Adjusted savings: natural resources depletion (% of GNI),2.12898783797424
694,2015,Adjusted savings: natural resources depletion (% of GNI),2.91907823047038
695,2014,Adjusted savings: natural resources depletion (% of GNI),5.83030580569903
696,2013,Adjusted savings: natural resources depletion (% of GNI),7.03565688091208
697,2012,Adjusted savings: natural resources depletion (% of GNI),7.75814220406436
698,2011,Adjusted savings: natural resources depletion (% of GNI),8.77823097160419
699,2010,Adjusted savings: natural resources depletion (% of GNI),6.60147003671802
700,2009,Adjusted savings: natural resources depletion (% of GNI),6.43130470593023
701,2008,Adjusted savings: natural resources depletion (% of GNI),10.9393114668283
702,2007,Adjusted savings: natural resources depletion (% of GNI),9.30556233164619
703,2006,Adjusted savings: natural resources depletion (% of GNI),10.6306483813988
704,2005,Adjusted savings: natural resources depletion (% of GNI),10.3894046432635
705,2004,Adjusted savings: natural resources depletion (% of GNI),8.58207580921818
706,2003,Adjusted savings: natural resources depletion (% of GNI),6.87106971522317
707,2002,Adjusted savings: natural resources depletion (% of GNI),5.78071338862303
708,2001,Adjusted savings: natural resources depletion (% of GNI),5.00513115450269
709,2000,Adjusted savings: natural resources depletion (% of GNI),6.23314900452877
710,1999,Adjusted savings: natural resources depletion (% of GNI),4.46653424657382
711,1998,Adjusted savings: natural resources depletion (% of GNI),3.23860897554968
712,1997,Adjusted savings: natural resources depletion (% of GNI),5.49174051280276
713,1996,Adjusted savings: natural resources depletion (% of GNI),7.54698407768285
714,1995,Adjusted savings: natural resources depletion (% of GNI),7.06108932807047
715,1994,Adjusted savings: natural resources depletion (% of GNI),6.19611702546657
716,1993,Adjusted savings: natural resources depletion (% of GNI),7.5021716283347
717,1992,Adjusted savings: natural resources depletion (% of GNI),9.57914501163308
718,1991,Adjusted savings: natural resources depletion (% of GNI),10.208119567679
719,1990,Adjusted savings: natural resources depletion (% of GNI),14.7037359082976
720,1989,Adjusted savings: natural resources depletion (% of GNI),11.8630600816047
721,1988,Adjusted savings: natural resources depletion (% of GNI),9.47769704278931
722,1987,Adjusted savings: natural resources depletion (% of GNI),10.9020900343853
723,1986,Adjusted savings: natural resources depletion (% of GNI),7.56207015675009
724,1985,Adjusted savings: natural resources depletion (% of GNI),17.2146401956406
725,1984,Adjusted savings: natural resources depletion (% of GNI),18.2984493536152
726,1983,Adjusted savings: natural resources depletion (% of GNI),17.8021667683284
727,1982,Adjusted savings: natural resources depletion (% of GNI),18.5017217429545
728,1981,Adjusted savings: natural resources depletion (% of GNI),24.9154360817509
729,1980,Adjusted savings: natural resources depletion (% of GNI),27.9100781395123
730,1979,Adjusted savings: natural resources depletion (% of GNI),24.4739976687855
731,1978,Adjusted savings: natural resources depletion (% of GNI),11.8613981938042
732,1977,Adjusted savings: natural resources depletion (% of GNI),9.66081052774208
733,1976,Adjusted savings: natural resources depletion (% of GNI),7.00365001584602
734,1975,Adjusted savings: natural resources depletion (% of GNI),4.7117177124398
735,1974,Adjusted savings: natural resources depletion (% of GNI),3.09913316339287
736,1973,Adjusted savings: natural resources depletion (% of GNI),1.05270612386555
737,1972,Adjusted savings: natural resources depletion (% of GNI),1.17130937625689
738,1971,Adjusted savings: natural resources depletion (% of GNI),1.37495057549614
739,1970,Adjusted savings: natural resources depletion (% of GNI),1.36381146974743
740,2019,Mineral rents (% of GDP),0.00633537417702665
741,2018,Mineral rents (% of GDP),0.197805842243756
742,2017,Mineral rents (% of GDP),0.2138442516844
743,2016,Mineral rents (% of GDP),0.176063185008931
744,2015,Mineral rents (% of GDP),0.125986728072919
745,2014,Mineral rents (% of GDP),0.182287562652922
746,2013,Mineral rents (% of GDP),0.284318941953309
747,2012,Mineral rents (% of GDP),0.501480374640733
748,2011,Mineral rents (% of GDP),0.468679487514474
749,2010,Mineral rents (% of GDP),0.214766809909005
750,2009,Mineral rents (% of GDP),0.619163391303046
751,2008,Mineral rents (% of GDP),0.693024181698416
752,2007,Mineral rents (% of GDP),0.0966121150699539
753,2006,Mineral rents (% of GDP),0.0612879205347871
754,2005,Mineral rents (% of GDP),0.0486708417396117
755,2004,Mineral rents (% of GDP),0.0153400376479419
756,2003,Mineral rents (% of GDP),0.0190720913894545
757,2002,Mineral rents (% of GDP),0.0217498737983161
758,2001,Mineral rents (% of GDP),0.0238511839076054
759,2000,Mineral rents (% of GDP),0.0130912613990678
760,1999,Mineral rents (% of GDP),0.0271373170183336
761,1998,Mineral rents (% of GDP),0.0402208069833014
762,1997,Mineral rents (% of GDP),0.0153523678026772
763,1996,Mineral rents (% of GDP),0.0163292304661311
764,1995,Mineral rents (% of GDP),0.0131293718551858
765,1994,Mineral rents (% of GDP),0.0156121850477517
766,1993,Mineral rents (% of GDP),0.0248172589676672
767,1992,Mineral rents (% of GDP),0.0437768946223071
768,1991,Mineral rents (% of GDP),0.0365613904643552
769,1990,Mineral rents (% of GDP),0.0459568653565936
770,1989,Mineral rents (% of GDP),0.0355532086228649
771,1988,Mineral rents (% of GDP),0.0274374307165166
772,1987,Mineral rents (% of GDP),0.0268298370859425
773,1986,Mineral rents (% of GDP),0.0276716699645473
774,1985,Mineral rents (% of GDP),0.0388828905246954
775,1984,Mineral rents (% of GDP),0.0341176824845791
776,1983,Mineral rents (% of GDP),0.0481323801190635
777,1982,Mineral rents (% of GDP),0.06898659917649
778,1981,Mineral rents (% of GDP),0.0828394747197671
779,1980,Mineral rents (% of GDP),0.0718878490543571
780,1979,Mineral rents (% of GDP),0.0450551388561741
781,1978,Mineral rents (% of GDP),0.0520375064093885
782,1977,Mineral rents (% of GDP),0.199392880872747
783,1976,Mineral rents (% of GDP),0.103076559278884
784,1975,Mineral rents (% of GDP),0.245287511493377
785,1974,Mineral rents (% of GDP),0.234924800279568
786,1973,Mineral rents (% of GDP),0.012426821067372
787,1972,Mineral rents (% of GDP),0.0110553815431804
788,1971,Mineral rents (% of GDP),0.0144310446333881
789,1970,Mineral rents (% of GDP),0.0141167286621648
790,2019,Natural gas rents (% of GDP),0.806637055572526
791,2018,Natural gas rents (% of GDP),1.190108508073
792,2017,Natural gas rents (% of GDP),0.721725780304482
793,2016,Natural gas rents (% of GDP),0.37345403255462
794,2015,Natural gas rents (% of GDP),0.730696581688778
795,2014,Natural gas rents (% of GDP),1.40262568694329
796,2013,Natural gas rents (% of GDP),1.85410810803816
797,2012,Natural gas rents (% of GDP),2.0111485694151
798,2011,Natural gas rents (% of GDP),2.2026605623116
799,2010,Natural gas rents (% of GDP),1.45149227065676
800,2009,Natural gas rents (% of GDP),2.06548789674706
801,2008,Natural gas rents (% of GDP),2.39089748916378
802,2007,Natural gas rents (% of GDP),2.39877365829345
803,2006,Natural gas rents (% of GDP),2.52476385611146
804,2005,Natural gas rents (% of GDP),1.80997583416994
805,2004,Natural gas rents (% of GDP),1.01549152864731
806,2003,Natural gas rents (% of GDP),0.798257769259226
807,2002,Natural gas rents (% of GDP),0.65701511249157
808,2001,Natural gas rents (% of GDP),0.65946256864113
809,2000,Natural gas rents (% of GDP),0.441371159106801
810,1999,Natural gas rents (% of GDP),0.205993558659394
811,1998,Natural gas rents (% of GDP),0.205709505009424
812,1997,Natural gas rents (% of GDP),0.278161178107613
813,1996,Natural gas rents (% of GDP),0.268599717755362
814,1995,Natural gas rents (% of GDP),0.216773609262687
815,1994,Natural gas rents (% of GDP),0.20786931250333
816,1993,Natural gas rents (% of GDP),0.279635134400949
817,1992,Natural gas rents (% of GDP),0.210725179524812
818,1991,Natural gas rents (% of GDP),0.260969868879611
819,1990,Natural gas rents (% of GDP),0.222490947588494
820,1989,Natural gas rents (% of GDP),0.18253399087075
821,1988,Natural gas rents (% of GDP),0.183347783259683
822,1987,Natural gas rents (% of GDP),0.157390463230897
823,1986,Natural gas rents (% of GDP),0.197699749415543
824,1985,Natural gas rents (% of GDP),0.203909690449638
825,1984,Natural gas rents (% of GDP),0.180674997490133
826,1983,Natural gas rents (% of GDP),0.168283108222678
827,1982,Natural gas rents (% of GDP),0.0216062697882238
828,1981,Natural gas rents (% of GDP),0.133794051857999
829,1980,Natural gas rents (% of GDP),0.240850911425749
830,1979,Natural gas rents (% of GDP),0.138661166380514
831,1978,Natural gas rents (% of GDP),0.0606716694251283
832,1977,Natural gas rents (% of GDP),0.0327785179485625
833,1976,Natural gas rents (% of GDP),0.0199503374308995
834,1975,Natural gas rents (% of GDP),0.00265341136556474
835,1974,Natural gas rents (% of GDP),0.00134702268570277
836,1973,Natural gas rents (% of GDP),0.000457382609407394
837,1972,Natural gas rents (% of GDP),0.000326913548052072
838,1971,Natural gas rents (% of GDP),0.000352371503682474
839,1970,Natural gas rents (% of GDP),0.000542885199972726
840,2019,Oil rents (% of GDP),4.01867897043529
841,2018,Oil rents (% of GDP),5.57027592677831
842,2017,Oil rents (% of GDP),4.21318838287073
843,2016,Oil rents (% of GDP),2.33534339866382
844,2015,Oil rents (% of GDP),3.09191117158221
845,2014,Oil rents (% of GDP),6.51553588557405
846,2013,Oil rents (% of GDP),7.65303741882722
847,2012,Oil rents (% of GDP),8.20636961437552
848,2011,Oil rents (% of GDP),9.58088771505573
849,2010,Oil rents (% of GDP),7.1172767950535
850,2009,Oil rents (% of GDP),6.12087581861939
851,2008,Oil rents (% of GDP),11.8988203520751
852,2007,Oil rents (% of GDP),10.5732077093059
853,2006,Oil rents (% of GDP),12.1104694926583
854,2005,Oil rents (% of GDP),12.3197466406442
855,2004,Oil rents (% of GDP),10.2484733050594
856,2003,Oil rents (% of GDP),8.03668246163229
857,2002,Oil rents (% of GDP),6.50277593970505
858,2001,Oil rents (% of GDP),5.65886201199407
859,2000,Oil rents (% of GDP),7.16153804465908
860,1999,Oil rents (% of GDP),5.17896702913769
861,1998,Oil rents (% of GDP),3.56132765686184
862,1997,Oil rents (% of GDP),6.33708257828165
863,1996,Oil rents (% of GDP),8.76795566653426
864,1995,Oil rents (% of GDP),7.87977090986394
865,1994,Oil rents (% of GDP),8.21334225395961
866,1993,Oil rents (% of GDP),9.97763157889947
867,1992,Oil rents (% of GDP),11.6430068887936
868,1991,Oil rents (% of GDP),12.329825161041
869,1990,Oil rents (% of GDP),17.6309075482146
870,1989,Oil rents (% of GDP),14.1551183243918
871,1988,Oil rents (% of GDP),11.246766020146
872,1987,Oil rents (% of GDP),12.4081537278453
873,1986,Oil rents (% of GDP),7.98343567033258
874,1985,Oil rents (% of GDP),18.3704973437793
875,1984,Oil rents (% of GDP),20.2794378204168
876,1983,Oil rents (% of GDP),20.0558718228068
877,1982,Oil rents (% of GDP),20.2414242953343
878,1981,Oil rents (% of GDP),28.3268452480613
879,1980,Oil rents (% of GDP),32.5722707108118
880,1979,Oil rents (% of GDP),29.8218035410393
881,1978,Oil rents (% of GDP),14.4911441636879
882,1977,Oil rents (% of GDP),12.5575581369735
883,1976,Oil rents (% of GDP),10.0263511041122
884,1975,Oil rents (% of GDP),7.4472765661639
885,1974,Oil rents (% of GDP),6.10789222946465
886,1973,Oil rents (% of GDP),1.50062937424272
887,1972,Oil rents (% of GDP),1.56055008773366
888,1971,Oil rents (% of GDP),1.74880151578067
889,1970,Oil rents (% of GDP),1.57202827389738
890,2019,Total natural resources rents (% of GDP),4.97845727175021
891,2018,Total natural resources rents (% of GDP),7.10879301097282
892,2017,Total natural resources rents (% of GDP),5.45867324184969
893,2016,Total natural resources rents (% of GDP),3.06112559025876
894,2015,Total natural resources rents (% of GDP),4.17882443454279
895,2014,Total natural resources rents (% of GDP),8.37498260788146
896,2013,Total natural resources rents (% of GDP),9.97433168467228
897,2012,Total natural resources rents (% of GDP),10.9344529790011
898,2011,Total natural resources rents (% of GDP),12.4868996310824
899,2010,Total natural resources rents (% of GDP),9.00538649413302
900,2009,Total natural resources rents (% of GDP),9.01958814071864
901,2008,Total natural resources rents (% of GDP),15.2369467237185
902,2007,Total natural resources rents (% of GDP),13.2487747626976
903,2006,Total natural resources rents (% of GDP),14.9316975090332
904,2005,Total natural resources rents (% of GDP),14.4044480705956
905,2004,Total natural resources rents (% of GDP),11.5442425495122
906,2003,Total natural resources rents (% of GDP),9.12586051064129
907,2002,Total natural resources rents (% of GDP),7.36627696637998
908,2001,Total natural resources rents (% of GDP),6.4909434193036
909,2000,Total natural resources rents (% of GDP),7.7405358795519
910,1999,Total natural resources rents (% of GDP),5.56724030700871
911,1998,Total natural resources rents (% of GDP),4.14714185347323
912,1997,Total natural resources rents (% of GDP),6.89476937123606
913,1996,Total natural resources rents (% of GDP),9.35560559224419
914,1995,Total natural resources rents (% of GDP),8.43769107702052
915,1994,Total natural resources rents (% of GDP),8.69200130589188
916,1993,Total natural resources rents (% of GDP),10.5418040298769
917,1992,Total natural resources rents (% of GDP),12.2829418009151
918,1991,Total natural resources rents (% of GDP),13.1236808914584
919,1990,Total natural resources rents (% of GDP),18.3194663007073
920,1989,Total natural resources rents (% of GDP),14.8176510462973
921,1988,Total natural resources rents (% of GDP),11.9507420547403
922,1987,Total natural resources rents (% of GDP),13.0099479554037
923,1986,Total natural resources rents (% of GDP),8.607479802536
924,1985,Total natural resources rents (% of GDP),18.7601899940272
925,1984,Total natural resources rents (% of GDP),20.9563970970451
926,1983,Total natural resources rents (% of GDP),20.7723742931879
927,1982,Total natural resources rents (% of GDP),21.1585071398584
928,1981,Total natural resources rents (% of GDP),28.9846969111375
929,1980,Total natural resources rents (% of GDP),33.3293124173007
930,1979,Total natural resources rents (% of GDP),30.4398717717519
931,1978,Total natural resources rents (% of GDP),15.204764681236
932,1977,Total natural resources rents (% of GDP),13.2786975297577
933,1976,Total natural resources rents (% of GDP),10.4692524149316
934,1975,Total natural resources rents (% of GDP),8.15249671365834
935,1974,Total natural resources rents (% of GDP),6.80782075234436
936,1973,Total natural resources rents (% of GDP),1.88844675792444
937,1972,Total natural resources rents (% of GDP),1.8813429587071
938,1971,Total natural resources rents (% of GDP),2.04901415126871
939,1970,Total natural resources rents (% of GDP),1.92398071272467
940,2020,Fuel imports (% of merchandise imports),11.5335764417918
941,2019,Fuel imports (% of merchandise imports),13.8099361331598
942,2018,Fuel imports (% of merchandise imports),17.1604222856893
943,2017,Fuel imports (% of merchandise imports),17.3218334618112
944,2016,Fuel imports (% of merchandise imports),15.1746785437902
945,2015,Fuel imports (% of merchandise imports),15.6987875335614
946,2014,Fuel imports (% of merchandise imports),13.7497269508131
947,2013,Fuel imports (% of merchandise imports),13.9359901629122
948,2012,Fuel imports (% of merchandise imports),18.6900767314783
949,2011,Fuel imports (% of merchandise imports),14.8901160279802
950,2010,Fuel imports (% of merchandise imports),13.4491771289829
951,2009,Fuel imports (% of merchandise imports),9.94186521951348
952,2008,Fuel imports (% of merchandise imports),10.9308004026138
953,2007,Fuel imports (% of merchandise imports),14.7467782720046
954,2006,Fuel imports (% of merchandise imports),16.3478325168947
955,2005,Fuel imports (% of merchandise imports),13.5031593280445
956,2004,Fuel imports (% of merchandise imports),8.57255289794661
957,2003,Fuel imports (% of merchandise imports),5.16802502540454
958,2002,Fuel imports (% of merchandise imports),3.97551517938764
959,2001,Fuel imports (% of merchandise imports),4.92428812378692
960,2000,Fuel imports (% of merchandise imports),7.58487691222193
961,1999,Fuel imports (% of merchandise imports),6.06550395767599
962,1998,Fuel imports (% of merchandise imports),4.84783861786082
963,1997,Fuel imports (% of merchandise imports),1.80900551340924
964,1996,Fuel imports (% of merchandise imports),1.44078855083128
965,1995,Fuel imports (% of merchandise imports),1.22025039714078
966,1994,Fuel imports (% of merchandise imports),1.43073582519252
967,1987,Fuel imports (% of merchandise imports),2.77236484351941
968,1986,Fuel imports (% of merchandise imports),3.41369971428022
969,1985,Fuel imports (% of merchandise imports),3.77855866593497
970,1984,Fuel imports (% of merchandise imports),4.49553039117138
971,1983,Fuel imports (% of merchandise imports),5.68482262799764
972,1982,Fuel imports (% of merchandise imports),4.09203725981875
973,1981,Fuel imports (% of merchandise imports),2.99856367694069
974,1980,Fuel imports (% of merchandise imports),1.08520875921183
975,1979,Fuel imports (% of merchandise imports),0.809954414419751
976,1978,Fuel imports (% of merchandise imports),1.49884439812912
977,1977,Fuel imports (% of merchandise imports),2.26629732698157
978,1976,Fuel imports (% of merchandise imports),5.73466720906423
979,1975,Fuel imports (% of merchandise imports),6.92514105551612
980,1974,Fuel imports (% of merchandise imports),2.79047644186375
981,1973,Fuel imports (% of merchandise imports),2.6024387428497
982,1972,Fuel imports (% of merchandise imports),6.65253509096676
983,1971,Fuel imports (% of merchandise imports),7.68238806074006
984,1970,Fuel imports (% of merchandise imports),9.3901257712366
985,1969,Fuel imports (% of merchandise imports),8.85903249344957
986,1968,Fuel imports (% of merchandise imports),7.83662104472288
987,1967,Fuel imports (% of merchandise imports),7.11262939946044
988,1966,Fuel imports (% of merchandise imports),6.8760682197005
989,1965,Fuel imports (% of merchandise imports),7.35252041303192
990,2020,Ores and metals imports (% of merchandise imports),4.9047186638817
991,2019,Ores and metals imports (% of merchandise imports),5.08150592467462
992,2018,Ores and metals imports (% of merchandise imports),5.08988450447653
993,2017,Ores and metals imports (% of merchandise imports),4.43215996138172
994,2016,Ores and metals imports (% of merchandise imports),3.02690502158702
995,2015,Ores and metals imports (% of merchandise imports),3.0029575556439
996,2014,Ores and metals imports (% of merchandise imports),4.35214221070258
997,2013,Ores and metals imports (% of merchandise imports),5.04568753271347
998,2012,Ores and metals imports (% of merchandise imports),4.99969816541291
999,2011,Ores and metals imports (% of merchandise imports),5.97630202107177
1000,2010,Ores and metals imports (% of merchandise imports),4.22133210758916
1001,2009,Ores and metals imports (% of merchandise imports),4.28078185855386
1002,2008,Ores and metals imports (% of merchandise imports),8.32989497200526
1003,2007,Ores and metals imports (% of merchandise imports),3.50433099631324
1004,2006,Ores and metals imports (% of merchandise imports),3.82978531608997
1005,2005,Ores and metals imports (% of merchandise imports),3.29493623652357
1006,2004,Ores and metals imports (% of merchandise imports),4.00029938862123
1007,2003,Ores and metals imports (% of merchandise imports),2.81228706536291
1008,2002,Ores and metals imports (% of merchandise imports),3.31182149630683
1009,2001,Ores and metals imports (% of merchandise imports),2.83918520110679
1010,2000,Ores and metals imports (% of merchandise imports),2.42479426307705
1011,1999,Ores and metals imports (% of merchandise imports),2.99387047317393
1012,1998,Ores and metals imports (% of merchandise imports),3.05644929570117
1013,1997,Ores and metals imports (% of merchandise imports),2.96483748928543
1014,1996,Ores and metals imports (% of merchandise imports),3.09792693091961
1015,1995,Ores and metals imports (% of merchandise imports),2.7123771564476
1016,1994,Ores and metals imports (% of merchandise imports),3.17993713588762
1017,1987,Ores and metals imports (% of merchandise imports),1.51710237171615
1018,1986,Ores and metals imports (% of merchandise imports),1.00004136119789
1019,1985,Ores and metals imports (% of merchandise imports),1.30071245336255
1020,1984,Ores and metals imports (% of merchandise imports),1.18941760836038
1021,1983,Ores and metals imports (% of merchandise imports),1.20380345409079
1022,1982,Ores and metals imports (% of merchandise imports),0.867327604406369
1023,1981,Ores and metals imports (% of merchandise imports),1.05477516372765
1024,1980,Ores and metals imports (% of merchandise imports),1.34164376154112
1025,1979,Ores and metals imports (% of merchandise imports),1.05665699123663
1026,1978,Ores and metals imports (% of merchandise imports),1.77438799426532
1027,1977,Ores and metals imports (% of merchandise imports),1.46578600127902
1028,1976,Ores and metals imports (% of merchandise imports),1.56979569719367
1029,1975,Ores and metals imports (% of merchandise imports),1.89853920563711
1030,1974,Ores and metals imports (% of merchandise imports),1.98012341130323
1031,1973,Ores and metals imports (% of merchandise imports),2.03430740920201
1032,1972,Ores and metals imports (% of merchandise imports),2.59490170400412
1033,1971,Ores and metals imports (% of merchandise imports),4.28416356726967
1034,1970,Ores and metals imports (% of merchandise imports),3.28091832839198
1035,1969,Ores and metals imports (% of merchandise imports),2.94276728794344
1036,1968,Ores and metals imports (% of merchandise imports),3.28548792562691
1037,1967,Ores and metals imports (% of merchandise imports),2.26981065284682
1038,1966,Ores and metals imports (% of merchandise imports),3.00226366019339
1039,1965,Ores and metals imports (% of merchandise imports),2.48699364369791
1040,2020,Fuel exports (% of merchandise exports),17.6177726154943
1041,2019,Fuel exports (% of merchandise exports),26.4904785425181
1042,2018,Fuel exports (% of merchandise exports),24.5656689578937
1043,2017,Fuel exports (% of merchandise exports),19.352839320066
1044,2016,Fuel exports (% of merchandise exports),13.7657936618764
1045,2015,Fuel exports (% of merchandise exports),17.8768838336528
1046,2014,Fuel exports (% of merchandise exports),23.355175703658
1047,2013,Fuel exports (% of merchandise exports),26.0844598183611
1048,2012,Fuel exports (% of merchandise exports),30.1290614193428
1049,2011,Fuel exports (% of merchandise exports),29.2504498995108
1050,2010,Fuel exports (% of merchandise exports),28.6750147338159
1051,2009,Fuel exports (% of merchandise exports),28.4695416170976
1052,2008,Fuel exports (% of merchandise exports),44.4134989739558
1053,2007,Fuel exports (% of merchandise exports),52.2165572630629
1054,2006,Fuel exports (% of merchandise exports),55.4576130325556
1055,2005,Fuel exports (% of merchandise exports),51.2725247920002
1056,2004,Fuel exports (% of merchandise exports),43.1044662663056
1057,2003,Fuel exports (% of merchandise exports),43.0771531636003
1058,2002,Fuel exports (% of merchandise exports),33.5758472614446
1059,2001,Fuel exports (% of merchandise exports),40.4973736835231
1060,2000,Fuel exports (% of merchandise exports),41.9128863608293
1061,1999,Fuel exports (% of merchandise exports),36.9130338926473
1062,1998,Fuel exports (% of merchandise exports),29.5257393353993
1063,1997,Fuel exports (% of merchandise exports),45.3508405837127
1064,1996,Fuel exports (% of merchandise exports),47.5909842920212
1065,1995,Fuel exports (% of merchandise exports),37.2504079560839
1066,1994,Fuel exports (% of merchandise exports),39.1675776151717
1067,1987,Fuel exports (% of merchandise exports),35.7339384317835
1068,1986,Fuel exports (% of merchandise exports),51.2347844967019
1069,1985,Fuel exports (% of merchandise exports),68.142632022779
1070,1984,Fuel exports (% of merchandise exports),57.5738616036414
1071,1983,Fuel exports (% of merchandise exports),62.3676556790471
1072,1982,Fuel exports (% of merchandise exports),66.2935070305359
1073,1981,Fuel exports (% of merchandise exports),64.5546847749053
1074,1980,Fuel exports (% of merchandise exports),64.2464096686284
1075,1979,Fuel exports (% of merchandise exports),41.5773415656007
1076,1978,Fuel exports (% of merchandise exports),27.7409245521435
1077,1977,Fuel exports (% of merchandise exports),24.2026035627275
1078,1976,Fuel exports (% of merchandise exports),25.0472076632491
1079,1975,Fuel exports (% of merchandise exports),9.45094538369487
1080,1974,Fuel exports (% of merchandise exports),8.4955239566103
1081,1973,Fuel exports (% of merchandise exports),10.0824845800799
1082,1972,Fuel exports (% of merchandise exports),6.50916279906681
1083,1971,Fuel exports (% of merchandise exports),0.846444784307792
1084,1970,Fuel exports (% of merchandise exports),4.77502657395938
1085,1969,Fuel exports (% of merchandise exports),2.97955265002078
1086,1968,Fuel exports (% of merchandise exports),2.90387761215849
1087,1967,Fuel exports (% of merchandise exports),3.70882904532755
1088,1966,Fuel exports (% of merchandise exports),5.81245336487743
1089,1965,Fuel exports (% of merchandise exports),6.58485089882596
1090,2020,Ores and metals exports (% of merchandise exports),3.81936023780597
1091,2019,Ores and metals exports (% of merchandise exports),3.3985836159284
1092,2018,Ores and metals exports (% of merchandise exports),3.93887337780913
1093,2017,Ores and metals exports (% of merchandise exports),3.85875411560827
1094,2016,Ores and metals exports (% of merchandise exports),3.66341698068858
1095,2015,Ores and metals exports (% of merchandise exports),4.44096156332396
1096,2014,Ores and metals exports (% of merchandise exports),4.10353461806517
1097,2013,Ores and metals exports (% of merchandise exports),4.9733707800142
1098,2012,Ores and metals exports (% of merchandise exports),5.69506850299161
1099,2011,Ores and metals exports (% of merchandise exports),5.75973585996756
1100,2010,Ores and metals exports (% of merchandise exports),6.00964219227707
1101,2009,Ores and metals exports (% of merchandise exports),7.11480968249377
1102,2008,Ores and metals exports (% of merchandise exports),6.51213202161133
1103,2007,Ores and metals exports (% of merchandise exports),2.7733100595572
1104,2006,Ores and metals exports (% of merchandise exports),2.25748526585406
1105,2005,Ores and metals exports (% of merchandise exports),2.80682569835647
1106,2004,Ores and metals exports (% of merchandise exports),3.6007091699792
1107,2003,Ores and metals exports (% of merchandise exports),3.12730798783112
1108,2002,Ores and metals exports (% of merchandise exports),4.58464863148707
1109,2001,Ores and metals exports (% of merchandise exports),4.55933870538842
1110,2000,Ores and metals exports (% of merchandise exports),3.8724542503985
1111,1999,Ores and metals exports (% of merchandise exports),4.38505216215119
1112,1998,Ores and metals exports (% of merchandise exports),5.50338337530886
1113,1997,Ores and metals exports (% of merchandise exports),4.96131262789031
1114,1996,Ores and metals exports (% of merchandise exports),5.94605150043486
1115,1995,Ores and metals exports (% of merchandise exports),6.41026692683267
1116,1994,Ores and metals exports (% of merchandise exports),5.32840006537966
1117,1987,Ores and metals exports (% of merchandise exports),8.11902294170008
1118,1986,Ores and metals exports (% of merchandise exports),5.78686038806745
1119,1985,Ores and metals exports (% of merchandise exports),4.06162276193039
1120,1984,Ores and metals exports (% of merchandise exports),4.29957441682125
1121,1983,Ores and metals exports (% of merchandise exports),3.16060925002542
1122,1982,Ores and metals exports (% of merchandise exports),3.8631794807052
1123,1981,Ores and metals exports (% of merchandise exports),4.15801682171012
1124,1980,Ores and metals exports (% of merchandise exports),2.4737614276019
1125,1979,Ores and metals exports (% of merchandise exports),5.03022315675857
1126,1978,Ores and metals exports (% of merchandise exports),5.09416337379294
1127,1977,Ores and metals exports (% of merchandise exports),2.15555751243931
1128,1976,Ores and metals exports (% of merchandise exports),1.68805839480066
1129,1975,Ores and metals exports (% of merchandise exports),0.523714816609834
1130,1974,Ores and metals exports (% of merchandise exports),0.315279924724457
1131,1973,Ores and metals exports (% of merchandise exports),0.174869006903388
1132,1972,Ores and metals exports (% of merchandise exports),0.311054982223518
1133,1971,Ores and metals exports (% of merchandise exports),0.438633219053624
1134,1970,Ores and metals exports (% of merchandise exports),0.554521085200596
1135,1969,Ores and metals exports (% of merchandise exports),0.605968569567931
1136,1968,Ores and metals exports (% of merchandise exports),0.84840749569423
1137,1967,Ores and metals exports (% of merchandise exports),2.48151650337131
1138,1966,Ores and metals exports (% of merchandise exports),1.16072067311719
1139,1965,Ores and metals exports (% of merchandise exports),1.08757143277369
